<?xml version="1.0" encoding="utf-8" ?>
<dwsync>
<file name="tinymce-small.eot" server="kwiato.nazwa.pl/oren/blog_admin/" local="130704599380000000" remote="130740706800000000" Dst="2" />
<file name="tinymce-small.svg" server="kwiato.nazwa.pl/oren/blog_admin/" local="130704599380000000" remote="130740706800000000" Dst="2" />
<file name="tinymce-small.ttf" server="kwiato.nazwa.pl/oren/blog_admin/" local="130704599380000000" remote="130740706800000000" Dst="2" />
<file name="tinymce-small.woff" server="kwiato.nazwa.pl/oren/blog_admin/" local="130704599380000000" remote="130740706800000000" Dst="2" />
<file name="tinymce.eot" server="kwiato.nazwa.pl/oren/blog_admin/" local="130704599380000000" remote="130740706800000000" Dst="2" />
<file name="tinymce.ttf" server="kwiato.nazwa.pl/oren/blog_admin/" local="130704599380000000" remote="130740706800000000" Dst="2" />
<file name="tinymce.svg" server="kwiato.nazwa.pl/oren/blog_admin/" local="130704599380000000" remote="130740706800000000" Dst="2" />
<file name="tinymce.woff" server="kwiato.nazwa.pl/oren/blog_admin/" local="130704599380000000" remote="130740706800000000" Dst="2" />
</dwsync>